[
  {
    "name":"Ladies+Chrome+T-Shirt",
    "title":"Ladies Chrome T-Shirt",
    "category":"ladies_tshirts",
    "price":13.30,
    "description":"The best of three fabrics combined into one seductively-soft tee.&amp;nbsp;&lt;div&gt;&lt;br&gt;&lt;/div&gt;&lt;div&gt;Features:&lt;/div&gt;&lt;div&gt;&lt;ul&gt;&lt;li&gt;50% polyester, 25% combed and ring-spun cotton, 25% rayon.&lt;/li&gt;&lt;li&gt;Side-seamed.&lt;/li&gt;&lt;li&gt;Semi-relaxed fit.&amp;nbsp;&lt;/li&gt;&lt;li&gt;Available in heather blue with the white Google Chrome logo screenprinted at center chest.&amp;nbsp;&lt;/li&gt;&lt;/ul&gt;&lt;/div&gt;",
    "image":"/data/images/10-23180B.jpg",
    "largeImage":"/data/images/10-23180A.jpg"
  },
  {
    "name":"Ladies+Google+New+York+T-Shirt",
    "title":"Ladies Google New York T-Shirt",
    "category":"ladies_tshirts",
    "price":18.35,
    "description":"Are you feeling lucky? Inspired by city lights in The Big Apple, this tee features the 'I'm Feeling Lucky New York' phrase at back.&lt;div&gt;&lt;br&gt;&lt;/div&gt;&lt;div&gt;Features:&lt;/div&gt;&lt;div&gt;&lt;ul&gt;&lt;li&gt;100% cotton.&lt;/li&gt;&lt;li&gt;American Apparel shirt designed with a ladies fit in mind.&lt;/li&gt;&lt;li&gt;Available in Black with the Google logo and 'I'm Feeling Lucky' New York printed on back yoke in White.&lt;/li&gt;&lt;li&gt;&lt;b&gt;Sizing runs smaller than normal. Please reference size chart before ordering.&lt;/b&gt;&lt;/li&gt;&lt;/ul&gt;&lt;/div&gt;",
    "image":"/data/images/10-23226B.jpg",
    "largeImage":"/data/images/10-23226A.jpg"
  },
  {
    "name":"Ladies+Gmail+T-Shirt",
    "title":"Ladies Gmail T-Shirt",
    "category":"ladies_tshirts",
    "price":16.40,
    "description":"Show your inbox some love. The new Gmail tee has arrived, complete with a subtle Mvelope design that showcases all of the Gmail icons you use on the daily.&lt;div&gt;&lt;br&gt;&lt;/div&gt;&lt;div&gt;Features:&lt;/div&gt;&lt;div&gt;&lt;ul&gt;&lt;li&gt;50% polyester, 25% cotton.&lt;/li&gt;&lt;li&gt;Bella+Canvas.&lt;/li&gt;&lt;li&gt;Available in vintage red with the new Gmail print screenprinted across center chest.&lt;/li&gt;&lt;/ul&gt;&lt;/div&gt;",
    "image":"/data/images/10-23179B.jpg",
    "largeImage":"/data/images/10-23179A.jpg"
  },
  {
    "name":"Ladies+G+Logo+White+T-Shirt",
    "title":"Ladies G Logo White T-Shirt",
    "category":"ladies_tshirts",
    "price":13.30,
    "description":"There's a new G in town and it's here to stay. Get your hands on this comfy white tee with the new Google icon.&amp;nbsp;\n\n&lt;div&gt;&lt;br&gt;&lt;/div&gt;&lt;div&gt;Features:&amp;nbsp;&lt;/div&gt;&lt;div&gt;&lt;ul&gt;&lt;li&gt;100% combed and ring-spun cotton.&lt;/li&gt;&lt;li&gt;Side seamed, relaxed fit.&lt;/li&gt;&lt;li&gt;Bella+Canvas.&lt;/li&gt;&lt;li&gt;Available in white with the Google 'G' icon screenprinted at front.&lt;/li&gt;&lt;/ul&gt;&lt;/div&gt;",
    "image":"/data/images/10-23178B.jpg",
    "largeImage":"/data/images/10-23178A.jpg"
  },
  {
    "name":"Ladies+Android+Pride+T-Shirt",
    "title":"Ladies Android Pride T-Shirt",
    "category":"ladies_tshirts",
    "price":19.10,
    "description":"Stand out proud in this Ladies' Android Pride T-shirt.&amp;nbsp;&lt;div&gt;&lt;br&gt;&lt;/div&gt;&lt;div&gt;Features:&lt;/div&gt;&lt;div&gt;&lt;ul&gt;&lt;li&gt;100% cotton.&lt;/li&gt;&lt;li&gt;Available in black and features two Androids holding hands and waving a rainbow flag printed across the front. Google logo screen printed in white on the sleeve.&amp;nbsp;&lt;/li&gt;&lt;li&gt;&lt;b&gt;Sizing runs smaller than normal. Please reference size chart before ordering.&lt;/b&gt;&lt;/li&gt;&lt;/ul&gt;&lt;/div&gt;",
    "image":"/data/images/10-23177B.jpg",
    "largeImage":"/data/images/10-23177A.jpg"
  },
  {
    "name":"Ladies+Ringspun+Crew+Neck",
    "title":"Ladies Ringspun Crew Neck",
    "category":"ladies_tshirts",
    "price":19.70,
    "description":"Cheery colors make the world a happier place. This bright pink tee is ultra soft and features a comfortable, ladies fit.&lt;div&gt;&lt;br&gt;&lt;/div&gt;&lt;div&gt;Features:&lt;/div&gt;&lt;div&gt;&lt;ul&gt;&lt;li&gt;100% cotton.&lt;/li&gt;&lt;li&gt;Tagless label for added comfort.&lt;/li&gt;&lt;li&gt;&lt;b&gt;Relaxed fit.&lt;/b&gt;&lt;/li&gt;&lt;li&gt;Available in hot pink with the white Google logo screenprinted at center chest.&lt;/li&gt;&lt;/ul&gt;&lt;/div&gt;",
    "image":"/data/images/10-23172B.jpg",
    "largeImage":"/data/images/10-23172A.jpg"
  },
  {
    "name":"Ladies+Tri-Blend+V-Neck+T-Shirt",
    "title":"Ladies Tri-Blend V-Neck T-Shirt",
    "category":"ladies_tshirts",
    "price":35.10,
    "description":"A tagless label, ultra soft triblend fabric and v-neck cut are three ingredients for a favorite tee.&amp;nbsp;&lt;div&gt;&lt;br&gt;&lt;/div&gt;&lt;div&gt;Features:&lt;/div&gt;&lt;div&gt;&lt;ul&gt;&lt;li&gt;25% cotton, 50% polyester, 25% rayon.&lt;/li&gt;&lt;li&gt;Made in California.&lt;/li&gt;&lt;li&gt;Available in green with the white Google logo screenprinted at center chest.&lt;/li&gt;&lt;/ul&gt;&lt;/div&gt;",
    "image":"/data/images/10-23227B.jpg",
    "largeImage":"/data/images/10-23227A.jpg"
  },
  {
    "name":"Bella+Ladies+Favorite+Tee",
    "title":"Bella Ladies Favorite Tee",
    "category":"ladies_tshirts",
    "price":10.50,
    "description":"This ladies tee features a longer body length perfect for layering up.&amp;nbsp;&lt;div&gt;&lt;br&gt;&lt;/div&gt;&lt;div&gt;Features:&lt;/div&gt;&lt;div&gt;&lt;ul&gt;&lt;li&gt;100% combed, ringspun cotton.&lt;/li&gt;&lt;li&gt;Extra soft, lightweight fabric.&lt;/li&gt;&lt;li&gt;&lt;b&gt;Slim fit. Runs small.&amp;nbsp;&lt;/b&gt;&lt;/li&gt;&lt;li&gt;Available in aqua with the white Google logo screenprinted at center chest.&lt;/li&gt;&lt;/ul&gt;&lt;/div&gt;",
    "image":"/data/images/10-23228B.jpg",
    "largeImage":"/data/images/10-23228A.jpg"
  },
  {
    "name":"Ladies+Bamboo+T-Shirt",
    "title":"Ladies Bamboo T-Shirt",
    "category":"ladies_tshirts",
    "price":20.65,
    "description":"A bamboo tee that's softer than your favorite cotton t-shirt. Your skin will thank you during those long nights of programming.&amp;nbsp;&lt;div&gt;&lt;br&gt;&lt;/div&gt;&lt;div&gt;Features:&lt;/div&gt;&lt;div&gt;&lt;ul&gt;&lt;li&gt;70% viscose from organic bamboo, 30% organic cotton.&lt;/li&gt;&lt;li&gt;Available in vintage pink with the white Google logo screen printed at center chest.&lt;/li&gt;&lt;/ul&gt;&lt;/div&gt;",
    "image":"/data/images/10-23176B.jpg",
    "largeImage":"/data/images/10-23176A.jpg"
  },
  {
    "name":"Ladies+L+S+Colorblock+Raglan",
    "title":"Ladies L/S Colorblock Raglan",
    "category":"ladies_tshirts",
    "price":36.95,
    "description":"Add a dose of mango to your t-shirt lineup. This scoop neck raglan features a bright pop of color and a scoop neck with v-notch.&lt;div&gt;&lt;br&gt;&lt;/div&gt;&lt;div&gt;Features:&lt;/div&gt;&lt;div&gt;&lt;ul&gt;&lt;li&gt;60% cotton, 40% polyester.&lt;/li&gt;&lt;li&gt;Scoop hem.&lt;/li&gt;&lt;li&gt;Self-fabric cuff bands.&lt;/li&gt;&lt;li&gt;Available in heather/mango with the white Google logo screenprinted at center chest.&lt;/li&gt;&lt;/ul&gt;&lt;/div&gt;",
    "image":"/data/images/10-23173B.jpg",
    "largeImage":"/data/images/10-23173A.jpg"
  },
  {
    "name":"Bella+Scoop-Neck+Ladies+T-Shirt",
    "title":"Bella Scoop-Neck Ladies T-Shirt",
    "category":"ladies_tshirts",
    "price":13.10,
    "description":"A classic that's here to stay is this ladies white baby ribbed tee. Features a feminine scoop cut at the neck and 1x1 baby rib texture. Available in white with the full color Google logo screen printed at center chest.",
    "image":"/data/images/10-23171B.jpg",
    "largeImage":"/data/images/10-23171A.jpg"
  },
  {
    "name":"Ladies+Not+For+Sale+T-Shirt",
    "title":"Ladies Not For Sale T-Shirt",
    "category":"ladies_tshirts",
    "price":24.00,
    "description":"This Not for Sale t-shirt features just the right amount of 'V' around the neck with the Google logo placed perfectly underneath. Not for Sale focuses efforts on growing social enterprises to benefit those enslaved and vulnerable communities around the world.&amp;nbsp;&lt;div&gt;&lt;br&gt;&lt;/div&gt;&lt;div&gt;Features:&lt;/div&gt;&lt;div&gt;&lt;ul&gt;&lt;li&gt;Available in black with the Google logo imprinted in white across upper chest.&lt;/li&gt;&lt;li&gt;&lt;b&gt;Sizing runs smaller than normal. Please consider ordering up one or two sizes.&lt;/b&gt;&lt;/li&gt;&lt;/ul&gt;&lt;/div&gt;",
    "image":"/data/images/10-23225B.jpg",
    "largeImage":"/data/images/10-23225A.jpg"
  },
  {
    "name":"Ladies+Android+L+S+Stretch+T-Shirt",
    "title":"Ladies Android L/S Stretch T-Shirt",
    "category":"ladies_tshirts",
    "price":20.00,
    "description":"Sparkle and shine in this ladies long sleeve stretch tee.&amp;nbsp;&lt;div&gt;&lt;br&gt;&lt;/div&gt;&lt;div&gt;Features;&lt;/div&gt;&lt;div&gt;&lt;ul&gt;&lt;li&gt;95% premium, ring-spun cotton, 5% spandex.&lt;/li&gt;&lt;li&gt;Available in Black with a glitter Android robot at left chest.&lt;/li&gt;&lt;/ul&gt;&lt;/div&gt;",
    "image":"/data/images/10-23198B.jpg",
    "largeImage":"/data/images/10-23198A.jpg"
  },
  {
    "name":"Ladies+Mountain+View+T-Shirt",
    "title":"Ladies Mountain View T-Shirt",
    "category":"ladies_tshirts",
    "price":17.50,
    "description":"The Bay Area city named for its beautiful views of the Santa Cruz Mountains is also home to the Googleplex located at 1600 Amphitheater Parkway. Celebrate the place Google calls home in this ladies scoop neck tee.&lt;div&gt;&lt;br&gt;&lt;/div&gt;&lt;div&gt;Features:&lt;/div&gt;&lt;div&gt;&lt;ul&gt;&lt;li&gt;100% cotton.&lt;/li&gt;&lt;li&gt;Available in white with the Mountain View coordinates screenprinted at front and the full color Google logo screenprinted at back yoke.&lt;/li&gt;&lt;/ul&gt;&lt;/div&gt;",
    "image":"/data/images/10-23229B.jpg",
    "largeImage":"/data/images/10-23229A.jpg"
  },
  {
    "name":"Ladies+Blueprint+for+a+Better+Inbox+T-Shirt",
    "title":"Ladies Blueprint for a Better Inbox T-Shirt",
    "category":"ladies_tshirts",
    "price":14.30,
    "description":"The \"Blueprint for  better Inbox\" now available for the ladies! This USA made American Apparel t-shirt sports a more fitted design and &amp;nbsp;the new Inbox logo.&amp;nbsp;&lt;div&gt;&lt;br&gt;&lt;/div&gt;&lt;div&gt;Additional Features:&amp;nbsp;&lt;/div&gt;&lt;div&gt;&lt;ul&gt;&lt;li&gt;50% cotton / 50% polyester for a super soft fit.&lt;/li&gt;&lt;li&gt;Available in royal blue heather with the \"New Inbox: logo screen printed on the center chest.&amp;nbsp;&lt;/li&gt;&lt;li&gt;&lt;b&gt;Sizing runs smaller than normal. Please reference sizing chart prior to ordering.&lt;/b&gt;&lt;/li&gt;&lt;/ul&gt;&lt;/div&gt;",
    "image":"/data/images/10-23169B.jpg",
    "largeImage":"/data/images/10-23169A.jpg"
  },
  {
    "name":"Ladies+Cotton+Poly+w++Thermal+Tee",
    "title":"Ladies Cotton Poly w/ Thermal Tee",
    "category":"ladies_tshirts",
    "price":15.15,
    "description":"This thermal long sleeve t-shirt is lightweight enough for all seasons of the year.&amp;nbsp;&lt;div&gt;&lt;br&gt;&lt;/div&gt;&lt;div&gt;Features:&lt;/div&gt;&lt;div&gt;&lt;ul&gt;&lt;li&gt;60% cotton, 40% polyester.&lt;/li&gt;&lt;li&gt;Wide boat neck, thermal sleeves and hight length thermal cuffs.&lt;/li&gt;&lt;li&gt;Longer body for comfortable fit.&lt;/li&gt;&lt;li&gt;Available in blue/black with the white Google logo screenprinted at center chest.&lt;/li&gt;&lt;/ul&gt;&lt;/div&gt;",
    "image":"/data/images/10-23174B.jpg",
    "largeImage":"/data/images/10-23174A.jpg"
  },
  {
    "name":"Ladies+YouTube+Favorite+Tee",
    "title":"Ladies YouTube Favorite Tee",
    "category":"ladies_tshirts",
    "price":11.10,
    "description":"It's called the 'favorite tee' for a reason. Designed with fashion and comfort in mind, this ladies tee is ultra soft and provides a great fit, every time.&amp;nbsp;&lt;div&gt;&lt;br&gt;&lt;/div&gt;&lt;div&gt;Features:&lt;/div&gt;&lt;div&gt;&lt;ul&gt;&lt;li&gt;100% combed, ring-spun cotton.&lt;/li&gt;&lt;li&gt;Designed with a longer length for varying body types.&amp;nbsp;&lt;/li&gt;&lt;li&gt;Available in asphalt with the full color YouTube logo screen printed across center chest.&lt;/li&gt;&lt;/ul&gt;&lt;/div&gt;",
    "image":"/data/images/10-23073B.jpg",
    "largeImage":"/data/images/10-23073A.jpg"
  },
  {
    "name":"MTV+Ladies+Yellow+T-Shirt",
    "title":"MTV Ladies Yellow T-Shirt",
    "category":"ladies_tshirts",
    "price":16.90,
    "description":"They say home is where the heart is. This vibrant tee features the Bay Area address of Google's head office. &amp;nbsp;&lt;div&gt;&lt;br&gt;&lt;/div&gt;&lt;div&gt;Features:&lt;/div&gt;&lt;div&gt;&lt;ul&gt;&lt;li&gt;100% combed cotton.&lt;/li&gt;&lt;li&gt;Made in the USA.&amp;nbsp;&lt;/li&gt;&lt;li&gt;Available in gold with a striking design at front and the white Google logo at back yoke.&amp;nbsp;&lt;/li&gt;&lt;/ul&gt;&lt;/div&gt;",
    "image":"/data/images/10-23230B.jpg",
    "largeImage":"/data/images/10-23230A.jpg"
  },
  {
    "name":"Women+s+Android+Heart+T-Shirt",
    "title":"Women's Android Heart T-Shirt",
    "category":"ladies_tshirts",
    "price":10.60,
    "description":"The softest, smoothest, best-looking, organic cotton tee shirt available anywhere.&amp;nbsp;&lt;div&gt;&lt;br&gt;&lt;/div&gt;&lt;div&gt;Features:&lt;/div&gt;&lt;div&gt;&lt;ul&gt;&lt;li&gt;100% certified organic, combed, ringspun cotton.&lt;/li&gt;&lt;li&gt;Contoured to flatter women's curves.&lt;/li&gt;&lt;li&gt;Double-needle stitching on the sleeves and bottom hem.&lt;/li&gt;&lt;li&gt;TearAway™ label for added comfort.&amp;nbsp;&lt;/li&gt;&lt;li&gt;Available in Berry with a screened Android robot at front chest.&lt;/li&gt;&lt;/ul&gt;&lt;/div&gt;",
    "image":"/data/images/10-23069B.jpg",
    "largeImage":"/data/images/10-23069A.jpg"
  }
]
