[
  {
    "name":"Men+s+Tech+Shell+Full-Zip",
    "title":"Men's Tech Shell Full-Zip",
    "category":"mens_outerwear",
    "price":50.20,
    "description":"A versatile full-zip that you can wear all day long and even to the gym. This technical shell features moisture-wicking fabric, added stretch and a hidden pocket for your smartphone or media player.&amp;nbsp;&lt;div&gt;&lt;br&gt;&lt;/div&gt;&lt;div&gt;Features:&lt;/div&gt;&lt;div&gt;&lt;ul&gt;&lt;li&gt;100% polyester.&lt;/li&gt;&lt;li&gt;Smooth, technical front with textured mesh back.&lt;/li&gt;&lt;li&gt;Drawstring bottom for adjustable fit.&lt;/li&gt;&lt;li&gt;Raglan sleeves.&lt;/li&gt;&lt;li&gt;Available in forest green with the white Google logo embroidered at left chest.&lt;/li&gt;&lt;/ul&gt;&lt;/div&gt;",
    "image":"/data/images/10-15068B.jpg",
    "largeImage":"/data/images/10-15068A.jpg"
  },
  {
    "name":"Anvil+L+S+Crew+Neck+-+Grey",
    "title":"Anvil L/S Crew Neck - Grey",
    "category":"mens_outerwear",
    "price":22.15,
    "description":"You'll be swooning over this crew neck as soon as you feel how soft it is.&amp;nbsp;&lt;div&gt;&lt;br&gt;&lt;/div&gt;&lt;div&gt;Features:&lt;/div&gt;&lt;div&gt;&lt;ul&gt;&lt;li&gt;40% preshrunk ring-spun cotton, 60% polyester terry fleece.&amp;nbsp;&lt;/li&gt;&lt;li&gt;Available in dark heather charcoal with the white Google logo screen printed across center chest.&lt;/li&gt;&lt;/ul&gt;&lt;/div&gt;",
    "image":"/data/images/10-14154B.jpg",
    "largeImage":"/data/images/10-14154A.jpg"
  },
  {
    "name":"Green+Flex+Fleece+Zip+Hoodie",
    "title":"Green Flex Fleece Zip Hoodie",
    "category":"mens_outerwear",
    "price":45.65,
    "description":"Ultra soft. Ultra cozy. Our popular flex fleece hoodie now available in speckled green.&amp;nbsp;&lt;div&gt;&lt;br&gt;&lt;/div&gt;&lt;div&gt;Features:&lt;/div&gt;&lt;div&gt;&lt;ul&gt;&lt;li&gt;50% cotton / 50% polyester.&amp;nbsp;&lt;/li&gt;&lt;li&gt;Made in the USA.&amp;nbsp;&lt;/li&gt;&lt;li&gt;Full-zip.&amp;nbsp;&lt;/li&gt;&lt;li&gt;Available in green with specks of blue and the white Google logo embroidered at left bicep.&amp;nbsp;&lt;/li&gt;&lt;/ul&gt;&lt;/div&gt;",
    "image":"/data/images/10-14157B.jpg",
    "largeImage":"/data/images/10-14157A.jpg"
  },
  {
    "name":"Android+Nylon+Packable+Jacket",
    "title":"Android Nylon Packable Jacket",
    "category":"mens_outerwear",
    "price":33.60,
    "description":"Pack. Pack. Pack it up! This nylon jacket with reflective trim can literally be packed into itself in seconds. Features a waterproof nylon fabric, Android eyes &amp;amp; antennaes on the hood and a  carrying strap when jacket is fully packed. Android robot is printed on back above zipper in a reflective, metallic finish.",
    "image":"/data/images/10-15041B.jpg",
    "largeImage":"/data/images/10-15041A.jpg"
  },
  {
    "name":"YouTube+Ultimate+Hooded+Sweatshirt",
    "title":"YouTube Ultimate Hooded Sweatshirt",
    "category":"mens_outerwear",
    "price":32.35,
    "description":"Stay warm in this cozy hoodie made of 50% cotton and 50% polyester. This comfortable design features set in sleeves, dyed to match draw cord and a front pouch pocket. Available in Charcoal with the full color YouTube logo screen printed across the chest. Unisex sizing.",
    "image":"/data/images/10-14133B.jpg",
    "largeImage":"/data/images/10-14133A.jpg"
  },
  {
    "name":"Grey+Heather+Fleece+Zip+Hoodie",
    "title":"Grey Heather Fleece Zip Hoodie",
    "category":"mens_outerwear",
    "price":38.85,
    "description":"Cozy up with this full-zip hoodie.&amp;nbsp;&lt;div&gt;&lt;br&gt;&lt;/div&gt;&lt;div&gt;Features:&lt;/div&gt;&lt;div&gt;&lt;ul&gt;&lt;li&gt;60% combed, ring-spun cotton, 40% polyester.&lt;/li&gt;&lt;li&gt;Unisex sizing.&lt;/li&gt;&lt;li&gt;Retail fit.&lt;/li&gt;&lt;li&gt;Contrast zipper.&lt;/li&gt;&lt;li&gt;Kangaroo pockets with ribbed cuffs and waistband.&lt;/li&gt;&lt;li&gt;Available in dark heather with the white Google logo embroidered at left chest.&lt;/li&gt;&lt;/ul&gt;&lt;/div&gt;&lt;div&gt;&lt;br&gt;&lt;/div&gt;",
    "image":"/data/images/10-14160B.jpg",
    "largeImage":"/data/images/10-14160A.jpg"
  },
  {
    "name":"Vastrm+Hoodie",
    "title":"Vastrm Hoodie",
    "category":"mens_outerwear",
    "price":200.00,
    "description":"The ultimate in fit and fabric, this Vastrm hoodie doesn't disappoint. Made from soft pique fabric, the lightweight full-zip features a halfmoon accent and matching hoodie strings.&amp;nbsp;&lt;div&gt;&lt;br&gt;&lt;/div&gt;&lt;div&gt;Additional Features:&lt;/div&gt;&lt;div&gt;&lt;ul&gt;&lt;li&gt;100% cotton.&lt;/li&gt;&lt;li&gt;Hidden phone pocket neatly cradles your digital device.&amp;nbsp;&lt;/li&gt;&lt;li&gt;Available in charcoal grey with red strings and hood. White Google logo is embroidered at left bicep.&lt;/li&gt;&lt;/ul&gt;&lt;/div&gt;",
    "image":"/data/images/10-14153B.jpg",
    "largeImage":"/data/images/10-14153A.jpg"
  },
  {
    "name":"Recycled+Plastic+Bottle+Hoodie+-+Green",
    "title":"Recycled Plastic Bottle Hoodie - Green",
    "category":"mens_outerwear",
    "price":60.95,
    "description":"Ever wonder where all of the disposable water bottles of the world end up? We know some of them are reused for a second purpose. Each of these hoodies contain approximately 9 recycled water bottles that are woven into the fabric.&lt;div&gt;&lt;br&gt;&lt;/div&gt;&lt;div&gt;Features:&amp;nbsp;&lt;/div&gt;&lt;div&gt;&lt;ul&gt;&lt;li&gt;50% recycled cotton, 50% recycled polyester.&lt;/li&gt;&lt;li&gt;Full zipper and orange drawstring pulls.&lt;/li&gt;&lt;li&gt;USA made.&amp;nbsp;&lt;/li&gt;&lt;li&gt;&amp;nbsp;Available in forest green with the white Google logo embroidered at left bicep.&lt;/li&gt;&lt;/ul&gt;&lt;/div&gt;",
    "image":"/data/images/10-14158B.jpg",
    "largeImage":"/data/images/10-14158A.jpg"
  },
  {
    "name":"Rowan+Pullover+Hood",
    "title":"Rowan Pullover Hood",
    "category":"mens_outerwear",
    "price":60.85,
    "description":"In search of the perfect layering piece? This lightweight, triblend pullover is ultra soft and ideal for all seasons.&lt;div&gt;&lt;br&gt;&lt;/div&gt;&lt;div&gt;Features:&lt;/div&gt;&lt;div&gt;&lt;ul&gt;&lt;li&gt;50% polyester, 38% cotton, 12% rayon triblend.&lt;/li&gt;&lt;li&gt;Available in black with the white Google logo screenprinted at left bicep.&lt;/li&gt;&lt;/ul&gt;&lt;/div&gt;",
    "image":"/data/images/10-14152B.jpg",
    "largeImage":"/data/images/10-14152A.jpg"
  },
  {
    "name":"Men+s+Voyage+Fleece+Jacket",
    "title":"Men's Voyage Fleece Jacket",
    "category":"mens_outerwear",
    "price":48.00,
    "description":"&lt;div&gt;Perhaps the equivalent to that comfort blanket you had years ago is a cozy fleece. This full-zip is the perfect layering piece for those 'in-between' months when mother nature just can't make up her mind.&amp;nbsp;&lt;/div&gt;&lt;div&gt;&lt;br&gt;&lt;/div&gt;&lt;div&gt;Features:&lt;/div&gt;&lt;div&gt;&lt;ul&gt;&lt;li&gt;100% polyester anti-pill yarn fleece.&lt;/li&gt;&lt;li&gt;100% polyester taffeta lining in sleeves.&lt;/li&gt;&lt;li&gt;Tricot-lined lower pockets with reverse coil zippers.&lt;/li&gt;&lt;li&gt;Available in black with the white Google logo embroidered at left chest.&lt;/li&gt;&lt;/ul&gt;&lt;/div&gt;",
    "image":"/data/images/10-14155B.jpg",
    "largeImage":"/data/images/10-14155A.jpg"
  },
  {
    "name":"Eco-Jersey+Chrome+Zip+Up+Hoodie",
    "title":"Eco-Jersey Chrome Zip Up Hoodie",
    "category":"mens_outerwear",
    "price":37.75,
    "description":"An exceptionally soft, eco-friendly full-zip for picture-perfect layering.&amp;nbsp;&lt;div&gt;&lt;br&gt;&lt;/div&gt;&lt;div&gt;Features:&lt;/div&gt;&lt;div&gt;&lt;ul&gt;&lt;li&gt;50% polyester, 38% cotton (6.25% recycled), 12% rayon (6.25% organic).&lt;/li&gt;&lt;li&gt;Low-impact yarn dyed and washed.&lt;/li&gt;&lt;li&gt;Brushed nickel zipper with natural taping.&lt;/li&gt;&lt;li&gt;Split front pouch pocket.&amp;nbsp;&lt;/li&gt;&lt;li&gt;Available in deep pacific blue with the white Google Chrome logo screenprinted at left chest.&amp;nbsp;&lt;/li&gt;&lt;/ul&gt;&lt;div&gt;&lt;br&gt;&lt;/div&gt;&lt;div&gt;&lt;br&gt;&lt;/div&gt;&lt;/div&gt;",
    "image":"/data/images/10-14159B.jpg",
    "largeImage":"/data/images/10-14159A.jpg"
  },
  {
    "name":"Android+Colorblock+Hooded+Pullover",
    "title":"Android Colorblock Hooded Pullover",
    "category":"mens_outerwear",
    "price":50.20,
    "description":"This cozy Android hoodie features a sublimated camo design printed inside hood and along inner sleeves and side panels.  Moisture-wicking polyester fabric keeps you cool and dry.&amp;nbsp;&lt;div&gt;&lt;br&gt;&lt;/div&gt;&lt;div&gt;Features:&lt;/div&gt;&lt;div&gt;&lt;ul&gt;&lt;li&gt;100% polyester.&lt;/li&gt;&lt;li&gt;Ultra soft, fleece interior.&amp;nbsp;&lt;/li&gt;&lt;li&gt;Available in smoke/lime green with the white Android robot embroidered at left chest.&lt;/li&gt;&lt;/ul&gt;&lt;/div&gt;",
    "image":"/data/images/10-14146B.jpg",
    "largeImage":"/data/images/10-14146A.jpg"
  },
  {
    "name":"Tri-blend+Full-Zip+Hoodie",
    "title":"Tri-blend Full-Zip Hoodie",
    "category":"mens_outerwear",
    "price":52.20,
    "description":"Comfy cool. This canvas tri-blend full-zip hoodie made of a poly/cotton/rayon blend is sure to please the eyes as well as the senses. Made in the USA. Available in Black with the white Google logo embroidered at left chest.",
    "image":"/data/images/10-14216B.jpg",
    "largeImage":"/data/images/10-14216A.jpg"
  },
  {
    "name":"Fleece+Full-Zip+Hoodie",
    "title":"Fleece Full-Zip Hoodie",
    "category":"mens_outerwear",
    "price":45.65,
    "description":"If you find that the 'spark' is missing from your outfit, you may need to add one of these full-zip hoodies to the mix. Resurfacing from 1989, this colorful full-zip features a sporty fit with ultra soft fleece lining.&lt;div&gt;&lt;br&gt;&lt;div&gt;Additional Features:&lt;/div&gt;&lt;div&gt;&lt;ul&gt;&lt;li&gt;50% polyester and 50% cotton fleece.&amp;nbsp;&lt;/li&gt;&lt;li&gt;Available in blue with the Google logo embroidered in white at left bicep.&lt;/li&gt;&lt;/ul&gt;&lt;/div&gt;&lt;/div&gt;",
    "image":"/data/images/10-14215B.jpg",
    "largeImage":"/data/images/10-14215A.jpg"
  },
  {
    "name":"Jacquard-Knit+Full-Zip+Fleece",
    "title":"Jacquard-Knit Full-Zip Fleece",
    "category":"mens_outerwear",
    "price":74.90,
    "description":"We love color contrast, especially in Google Blue! This textured jacket features a jacquard texture with contrast stitching and zippers.&amp;nbsp;&lt;div&gt;&lt;br&gt;&lt;/div&gt;&lt;div&gt;Additional Features:&lt;/div&gt;&lt;div&gt;&lt;ul&gt;&lt;li&gt;100% polyester.&amp;nbsp;&lt;/li&gt;&lt;li&gt;Audio port access available on inside left pocket.&lt;/li&gt;&lt;li&gt;Available in Carbon/Olympic Blue with the Google logo embroidered in white on left chest.&lt;/li&gt;&lt;/ul&gt;&lt;/div&gt;",
    "image":"/data/images/10-14217B.jpg",
    "largeImage":"/data/images/10-14217A.jpg"
  },
  {
    "name":"YouTube+Unisex+Flex+Fleece+Zip+Hoodie",
    "title":"YouTube Unisex Flex Fleece Zip Hoodie",
    "category":"mens_outerwear",
    "price":45.25,
    "description":"Our popular flex fleece hoodie, now for YouTube fans everywhere.&lt;div&gt;&lt;br&gt;&lt;/div&gt;&lt;div&gt;Features:&lt;/div&gt;&lt;div&gt;&lt;ul&gt;&lt;li&gt;50% polyester, 50% cotton fleece.&lt;/li&gt;&lt;li&gt;Sporty, unisex fit.&lt;/li&gt;&lt;li&gt;Metal zipper.&lt;/li&gt;&lt;li&gt;Hood.&lt;/li&gt;&lt;li&gt;Available in dark heather grey with the YouTube logo embroidered at left bicep.&lt;/li&gt;&lt;/ul&gt;&lt;div&gt;&lt;br&gt;&lt;/div&gt;&lt;div&gt;&lt;br&gt;&lt;/div&gt;&lt;/div&gt;",
    "image":"/data/images/10-15103B.jpg",
    "largeImage":"/data/images/10-15103A.jpg"
  }
]
