[
  {
    "name":"YouTube+Organic+Cotton+T-Shirt+-+Grey",
    "title":"YouTube Organic Cotton T-Shirt - Grey",
    "category":"mens_tshirts",
    "price":14.75,
    "description":"Stay casual and cool in this 100% organic pre-shrunk cotton T-shirt. Available in charcoal grey with full-color YouTube logo screened on front.",
    "image":"/data/images/10-13058B.jpg",
    "largeImage":"/data/images/10-13058A.jpg"
  },
  {
    "name":"Inbox+-+Subtle+Actions+T-Shirt",
    "title":"Inbox - Subtle Actions T-Shirt",
    "category":"mens_tshirts",
    "price":17.05,
    "description":"Sometimes even the subtlest of actions can make a big difference. This tee highlights all of the icons &amp;amp; features available in your Gmail inbox!&lt;div&gt;&lt;br&gt;&lt;/div&gt;&lt;div&gt;Features:&lt;/div&gt;&lt;div&gt;&lt;ul&gt;&lt;li&gt;60% cotton, 40% polyester blend.&lt;/li&gt;&lt;li&gt;Available in charcoal heather with the inbox icons screenprinted at front chest and inbox tag sewn onto left sleeve.&lt;/li&gt;&lt;/ul&gt;&lt;/div&gt;",
    "image":"/data/images/10-13256B.jpg",
    "largeImage":"/data/images/10-13256A.jpg"
  },
  {
    "name":"Adult+Android+Superhero+T-Shirt",
    "title":"Adult Android Superhero T-Shirt",
    "category":"mens_tshirts",
    "price":14.95,
    "description":"Mr. Kent has nothing on Super Droid, especially since this robot has only one weakness-a sweet tooth (considering all of its confectionery-themed versions)! This adorable Bella+Canvas tee features a unisex fit that is sure to please both male and female Android fans.&lt;div&gt;&lt;br&gt;&lt;/div&gt;&lt;div&gt;Additional Features:&lt;/div&gt;&lt;div&gt;&lt;ul&gt;&lt;li&gt;100% combed, ringspun cotton.&lt;/li&gt;&lt;li&gt;Unisex fit.&lt;/li&gt;&lt;li&gt;Tag-free label for added comfort.&lt;/li&gt;&lt;li&gt;Available in royal blue with the Super Droid robot screen printed at center chest.&lt;/li&gt;&lt;li&gt;&lt;b&gt;Sizes run smaller than normal. Reference men's sizing chart for additional details.&lt;/b&gt;&lt;/li&gt;&lt;/ul&gt;&lt;/div&gt;",
    "image":"/data/images/10-13239B.jpg",
    "largeImage":"/data/images/10-13239A.jpg"
  },
  {
    "name":"Men+s+Vintage+Heather+T-Shirt",
    "title":"Men's Vintage Heather T-Shirt",
    "category":"mens_tshirts",
    "price":15.8,
    "description":"&lt;div&gt;A casual-cool, vintage-inspired tee perfect for all. Just remember that the best part about any classic is that it only improves with age. The more you wash it, the softer it feels.&amp;nbsp;&lt;/div&gt;&lt;div&gt;&lt;br&gt;&lt;/div&gt;&lt;div&gt;Features:&lt;/div&gt;&lt;div&gt;&lt;ul&gt;&lt;li&gt;65% polyester, 35% cotton.&lt;/li&gt;&lt;li&gt;Available in heather navy, blue, purple or green with the white Google logo screened across center chest of each.&lt;/li&gt;&lt;/ul&gt;&lt;/div&gt;",
    "image":"/data/images/10-13264B.jpg",
    "largeImage":"/data/images/10-13264A.jpg"
  },
  {
    "name":"Basic+Black+T-Shirt",
    "title":"Basic Black T-Shirt",
    "category":"mens_tshirts",
    "price":16.9,
    "description":"Word on the street is that 'black is the new black.' Embellish your basic fashion statement with the Google logo on an authentic American Apparel t-shirt.&amp;nbsp;&lt;div&gt;&lt;br&gt;&lt;/div&gt;&lt;div&gt;Features:&lt;/div&gt;&lt;div&gt;&lt;ul&gt;&lt;li&gt;100% organic combed cotton for ultimate softness.&amp;nbsp;&lt;/li&gt;&lt;li&gt;Flattering fit.&amp;nbsp;&lt;/li&gt;&lt;li&gt;Available in Black with the Google logo screen printed in White across center chest.&lt;/li&gt;&lt;li&gt;&lt;b&gt;Sizes run smaller than normal.&lt;/b&gt;&amp;nbsp;&lt;b&gt;Please reference men's size chart for fit.&lt;/b&gt;&lt;/li&gt;&lt;/ul&gt;&lt;/div&gt;",
    "image":"/data/images/10-13265B.jpg",
    "largeImage":"/data/images/10-13265A.jpg"
  },
  {
    "name":"Local+Guides+T-Shirt",
    "title":"Local Guides T-Shirt",
    "category":"mens_tshirts",
    "price":15.7,
    "description":"Do you live to explore? Are you the first to tell your friends about the best venues, restaurants and hot spots in town? If you're already a local guide, sport your t-shirt with pride. This ultra soft style is comfortable enough to wear all day long - perfect for all of those adventures you'll tell us about later. To learn more about Local Guides, visit us here:&amp;nbsp;https://www.google.com/local/guides/.&lt;div&gt;&lt;br&gt;&lt;/div&gt;&lt;div&gt;Features:&lt;/div&gt;&lt;div&gt;&lt;ul&gt;&lt;li&gt;52% combed, ring-spun cotton / 48% polyester.&lt;/li&gt;&lt;li&gt;Retail fit.&lt;/li&gt;&lt;li&gt;Available in charcoal with the Local Guides logo screenprinted at front chest and Google logo screenprinted in white at left bicep.&lt;/li&gt;&lt;/ul&gt;&lt;/div&gt;",
    "image":"/data/images/10-13280B.jpg",
    "largeImage":"/data/images/10-13280A.jpg"
  },
  {
    "name":"Go+Gopher+T-Shirt+in+Teal",
    "title":"Go Gopher T-Shirt in Teal",
    "category":"mens_tshirts",
    "price":10.95,
    "description":"Go anywhere in style when wearing this t-shirt featuring The Go Gopher. &amp;nbsp;Tee is made of 100% combed, ring-spun cotton jersey fabric. Available in teal with the Go Gopher screen printed on center.",
    "image":"/data/images/10-13213B.jpg",
    "largeImage":"/data/images/10-13213A.jpg"
  },
  {
    "name":"Android+Ringspun+T-Shirt+-+Green",
    "title":"Android Ringspun T-Shirt - Green",
    "category":"mens_tshirts",
    "price":8.75,
    "description":"Display your undying love for Androids everywhere in this 100% certified organic ringspun cotton tee.&amp;nbsp;\n&lt;div&gt;&lt;br&gt;&lt;/div&gt;&lt;div&gt;Additional Features:&amp;nbsp;&lt;/div&gt;&lt;div&gt;&lt;ul&gt;&lt;li&gt;100% combed, ring-spun cotton.&amp;nbsp;&lt;/li&gt;&lt;li&gt;Preshrunk for fashion fit.&amp;nbsp;&lt;/li&gt;&lt;li&gt;Tearaway label.&amp;nbsp;\n&lt;/li&gt;&lt;li&gt;Available in heather green with the full color Android robot screen printed across center chest.&lt;/li&gt;&lt;/ul&gt;&lt;/div&gt;",
    "image":"/data/images/10-13285B.jpg",
    "largeImage":"/data/images/10-13285A.jpg"
  },
  {
    "name":"Organic+Cotton+Android+walking+with+dog+T-shirt",
    "title":"Organic Cotton Android walking with dog T-shirt",
    "category":"mens_tshirts",
    "price":17.25,
    "description":"What’s better than an organic cotton t-shirt with the Android logo?  How about a t-shirt with the Android walking a dog.&amp;nbsp; &lt;div&gt;&lt;br&gt;&lt;/div&gt;&lt;div&gt;Features:&lt;/div&gt;&lt;div&gt;&lt;ul&gt;&lt;li&gt;100% smooth organic cotton.&lt;/li&gt;&lt;li&gt;Available in black with the Android design screenprinted at front chest.&lt;/li&gt;&lt;li&gt;&lt;b&gt;Sizing runs smaller than normal. Please reference size chart before ordering.&lt;/b&gt;&lt;/li&gt;&lt;/ul&gt;&lt;/div&gt;",
    "image":"/data/images/10-13018B.jpg",
    "largeImage":"/data/images/10-13018A.jpg"
  },
  {
    "name":"Organic+Cotton+T-Shirt+-+Red",
    "title":"Organic Cotton T-Shirt - Red",
    "category":"mens_tshirts",
    "price":14.4,
    "description":"Looking to add a little color to your wardrobe? This striking red tee shirt is made of 100% preshrunk organic cotton, so it's healthy for the environment as well as for your look.&amp;nbsp;&lt;div&gt;&lt;br&gt;&lt;/div&gt;&lt;div&gt;Features:&lt;/div&gt;&lt;div&gt;&lt;ul&gt;&lt;li&gt;Shoulder-to-shoulder tape.&lt;/li&gt;&lt;li&gt;Seamless collar.&lt;/li&gt;&lt;li&gt;Available in red with white Google logo screenprinted at center chest.&lt;/li&gt;&lt;li&gt;&lt;b&gt;**This shirt's cut is more of a generous t-shirt cut. Compared to the American Apparel shirts, sizing would run larger.**&amp;nbsp;&lt;/b&gt;&lt;/li&gt;&lt;/ul&gt;&lt;/div&gt;",
    "image":"/data/images/10-13270B.jpg",
    "largeImage":"/data/images/10-13270A.jpg"
  },
  {
    "name":"Unisex+Gmail+T-Shirt",
    "title":"Unisex Gmail T-Shirt",
    "category":"mens_tshirts",
    "price":15,
    "description":"Show your inbox some love. The new Gmail tee has arrived, complete with a subtle Mvelope design that showcases all of the Gmail icons you use on the daily.&lt;div&gt;&lt;br&gt;&lt;/div&gt;&lt;div&gt;Features:&lt;/div&gt;&lt;div&gt;&lt;ul&gt;&lt;li&gt;52% cotton / 48% polyester.&lt;/li&gt;&lt;li&gt;Unisex fit.&lt;/li&gt;&lt;li&gt;Bella+Canvas.&lt;/li&gt;&lt;li&gt;Available in dark grey heather with the new Gmail print screenprinted across center chest.&lt;/li&gt;&lt;/ul&gt;&lt;/div&gt;",
    "image":"/data/images/10-13282B.jpg",
    "largeImage":"/data/images/10-13282A.jpg"
  },
  {
    "name":"Android+Soccer+T-Shirt",
    "title":"Android Soccer T-Shirt",
    "category":"mens_tshirts",
    "price":15.2,
    "description":"When it comes to futbol formation, the world's most adorable robots are en pointe. Show your love for the game with this limited edition Android tee.&amp;nbsp;&lt;div&gt;&lt;br&gt;&lt;/div&gt;&lt;div&gt;Features:&lt;/div&gt;&lt;div&gt;&lt;ul&gt;&lt;li&gt;100% cotton.&lt;/li&gt;&lt;li&gt;Made in the USA.&lt;/li&gt;&lt;li&gt;Available in navy with the Android robot design screenprinted at front.&lt;/li&gt;&lt;/ul&gt;&lt;/div&gt;",
    "image":"/data/images/10-13289B.jpg",
    "largeImage":"/data/images/10-13289A.jpg"
  },
  {
    "name":"Basic+Google+T-Shirt",
    "title":"Basic Google T-Shirt",
    "category":"mens_tshirts",
    "price":13.3,
    "description":"Embellish your basic fashion statement with Google's brightly colored logo. Featuring a flattering and stylish fit for virtually any body type, this tee also boasts an ultra-soft feel.&amp;nbsp;&lt;div&gt;&lt;br&gt;&lt;/div&gt;&lt;div&gt;Features:&lt;/div&gt;&lt;div&gt;&lt;ul&gt;&lt;li&gt;100% cotton.&lt;/li&gt;&lt;li&gt;Stretchable, reinforced shoulder construction maintains shape through repeated washings.&lt;/li&gt;&lt;li&gt;Double-stitched bottom hem ensures durability.&amp;nbsp;&lt;/li&gt;&lt;li&gt;Available in white with the full color Google logo screenprinted across chest.&lt;/li&gt;&lt;li&gt;&lt;b&gt;Sizes run smaller than normal.&lt;/b&gt;&amp;nbsp;&lt;b&gt;Please reference men's size chart for fit.&lt;/b&gt;&lt;/li&gt;&lt;/ul&gt;&lt;/div&gt;",
    "image":"/data/images/10-13262B.jpg",
    "largeImage":"/data/images/10-13262A.jpg"
  },
  {
    "name":"Tri-Blend+V-Neck+Tee",
    "title":"Tri-Blend V-Neck Tee",
    "category":"mens_tshirts",
    "price":14.95,
    "description":"An ultra soft triblend fabric and fashionable v-neck cut make this tee perfect for everyday wear. Available in royal blue with the white Google logo screenprinted at center chest.",
    "image":"/data/images/10-13273B.jpg",
    "largeImage":"/data/images/10-13273A.jpg"
  },
  {
    "name":"Heather+Pocket+Tee+-+Light+Blue",
    "title":"Heather Pocket Tee - Light Blue",
    "category":"mens_tshirts",
    "price":23.3,
    "description":"Pocket protector or not, you're sure to look pretty cool in this stylish tee.&amp;nbsp;&lt;div&gt;&lt;br&gt;&lt;/div&gt;&lt;div&gt;Features:&lt;/div&gt;&lt;div&gt;&lt;ul&gt;&lt;li&gt;60% cotton, 40% polyester.&lt;/li&gt;&lt;li&gt;Tagless label for added comfort.&lt;/li&gt;&lt;li&gt;Available in light blue with a grey pocket and the white Google logo screenprinted at center pocket.&lt;/li&gt;&lt;/ul&gt;&lt;/div&gt;",
    "image":"/data/images/10-13272B.jpg",
    "largeImage":"/data/images/10-13272A.jpg"
  },
  {
    "name":"Google+Now+Skyline+T-Shirt",
    "title":"Google Now Skyline T-Shirt",
    "category":"mens_tshirts",
    "price":20.2,
    "description":"A bright and sunny 360° illustration of San Francisco wrapped around this American Apparel t-shirt. This tee, popular at the Googleplex in Mountain View, CA is now available just for you!&amp;nbsp;&lt;div&gt;&lt;br&gt;&lt;/div&gt;&lt;div&gt;&lt;ul&gt;&lt;li&gt;100% cotton.&lt;/li&gt;&lt;li&gt;Available in Aqua with the Google Now logo screen printed in Gray across chest.&lt;/li&gt;&lt;li&gt;&lt;b&gt;Sizes run smaller than normal.&lt;/b&gt;&amp;nbsp;&lt;b&gt;Please reference men's size chart for fit.&lt;/b&gt;&lt;/li&gt;&lt;/ul&gt;&lt;/div&gt;",
    "image":"/data/images/10-13276B.jpg",
    "largeImage":"/data/images/10-13276A.jpg"
  },
  {
    "name":"Tri-Blend+G+Logo+Men+s+Polo",
    "title":"Tri-Blend G Logo Men's Polo",
    "category":"mens_tshirts",
    "price":32.7,
    "description":"Stock up on this comfy-cool polo featuring the new Google 'G.'&amp;nbsp;&lt;div&gt;&lt;br&gt;&lt;/div&gt;&lt;div&gt;Features:&lt;/div&gt;&lt;div&gt;&lt;ul&gt;&lt;li&gt;50% polyester / 25% cotton / 25% rayon&lt;/li&gt;&lt;li&gt;Tri-blend fabric retains shape and elasticity.&lt;/li&gt;&lt;li&gt;Retail fit.&amp;nbsp;&lt;/li&gt;&lt;li&gt;Single front pocket.&lt;/li&gt;&lt;li&gt;Three-button placket.&lt;/li&gt;&lt;li&gt;Structured collar holds shape through repeated washing.&lt;/li&gt;&lt;li&gt;Available in black with the Google 'G' icon embroidered at left chest.&amp;nbsp;&lt;/li&gt;&lt;/ul&gt;&lt;/div&gt;",
    "image":"/data/images/10-11019B.jpg",
    "largeImage":"/data/images/10-11019A.jpg"
  },
  {
    "name":"Tri-Blend+Leisure+Shirt",
    "title":"Tri-Blend Leisure Shirt",
    "category":"mens_tshirts",
    "price":32.95,
    "description":"Dress it up, or dress it down. We promise you'll fall in love with the versatility of this triblend polo.&amp;nbsp;&lt;div&gt;&lt;br&gt;&lt;/div&gt;&lt;div&gt;Features:&amp;nbsp;&lt;/div&gt;&lt;div&gt;&lt;ul&gt;&lt;li&gt;50/25/25 polyester/cotton/rayon blend.&amp;nbsp;&lt;/li&gt;&lt;li&gt;Three-button placket with structured self-fabric collar and left chest pocket.&amp;nbsp;&lt;/li&gt;&lt;li&gt;Available in black with the Google logo embroidered at right sleeve.&lt;/li&gt;&lt;li&gt;&lt;b&gt;Sizes run smaller than normal. Please reference size chart before ordering.&lt;/b&gt;&lt;/li&gt;&lt;/ul&gt;&lt;/div&gt;",
    "image":"/data/images/10-11017B.jpg",
    "largeImage":"/data/images/10-11017A.jpg"
  },
  {
    "name":"Wise+Android+T-Shirt",
    "title":"Wise Android T-Shirt",
    "category":"mens_tshirts",
    "price":14.95,
    "description":"Take a word from the wise: put on this tee and you'll fall in love! Made of 100% preshrunk certified organic cotton for ultimate softness. Available in black with the Wise Android screen printed on the front chest.",
    "image":"/data/images/10-13153B.jpg",
    "largeImage":"/data/images/10-13153A.jpg"
  },
  {
    "name":"Android+Pride+T-Shirt",
    "title":"Android Pride T-Shirt",
    "category":"mens_tshirts",
    "price":19.1,
    "description":"&lt;p&gt;Stand out and stand proud in this Android Pride T-shirt.&amp;nbsp;&lt;/p&gt;&lt;p&gt;Features:&lt;/p&gt;&lt;p&gt;&lt;/p&gt;&lt;ul&gt;&lt;li&gt;100% cotton American Apparel t-shirt.&lt;/li&gt;&lt;li&gt;Available in black, and features two Androids holding hands and waving a rainbow flag screenprinted at center chest. Google logo is screenprinted in white at sleeve.&lt;/li&gt;&lt;li&gt;&lt;b&gt;Sizing runs smaller than normal. Please reference size chart before ordering.&lt;/b&gt;&lt;/li&gt;&lt;/ul&gt;",
    "image":"/data/images/10-13279B.jpg",
    "largeImage":"/data/images/10-13279A.jpg"
  },
  {
    "name":"Chrome+Unisex+T-Shirt",
    "title":"Chrome Unisex T-Shirt",
    "category":"mens_tshirts",
    "price":11.35,
    "description":"Show your love for Google Chrome in this 100% combed ring-spun cotton T-Shirt.&amp;nbsp;&lt;div&gt;&lt;br&gt;&lt;/div&gt;&lt;div&gt;Features:&lt;/div&gt;&lt;div&gt;&lt;ul&gt;&lt;li&gt;Soft, jersey fabric.&lt;/li&gt;&lt;li&gt;Unisex fit.&lt;/li&gt;&lt;li&gt;Available in dark heather grey with the new Google Chrome logo screenprinted at front.&lt;/li&gt;&lt;/ul&gt;&lt;/div&gt;",
    "image":"/data/images/10-13286B.jpg",
    "largeImage":"/data/images/10-13286A.jpg"
  },
  {
    "name":"NY+City+Lights+T-Shirt",
    "title":"NY City Lights T-Shirt",
    "category":"mens_tshirts",
    "price":18.35,
    "description":"Are you feeling lucky? This anniversary t-shirt celebrates the Big Apple.&amp;nbsp;&lt;div&gt;&lt;br&gt;&lt;/div&gt;&lt;div&gt;Features:&lt;/div&gt;&lt;div&gt;&lt;ul&gt;&lt;li&gt;100% cotton American Apparel shirt.&lt;/li&gt;&lt;li&gt;Available in Black with the Google logo and 'I'm Feeling Lucky' New York printed on back yoke in White.&lt;/li&gt;&lt;li&gt;&lt;b&gt;Sizes run smaller than normal. Please reference men's size chart for fit before ordering.&lt;/b&gt;&lt;/li&gt;&lt;/ul&gt;&lt;/div&gt;",
    "image":"/data/images/10-13271B.jpg",
    "largeImage":"/data/images/10-13271A.jpg"
  },
  {
    "name":"Omi+Tech+Tee",
    "title":"Omi Tech Tee",
    "category":"mens_tshirts",
    "price":17,
    "description":"This performance tee deserves to be one of your wardrobe staples. Micro-polyester mesh fabric is snag-resistant, moisture-wicking and provides UV protection for sunny days. Available in royal blue with the white Google logo transferred onto center chest.",
    "image":"/data/images/10-13267B.jpg",
    "largeImage":"/data/images/10-13267A.jpg"
  },
  {
    "name":"YouTube+S+S+Triblend+T-Shirt",
    "title":"YouTube S/S Triblend T-Shirt",
    "category":"mens_tshirts",
    "price":14.9,
    "description":"A perfect blend of three fabrics. This fashionably soft tee is perfect for layering or wearing solo.&amp;nbsp;&lt;div&gt;&lt;br&gt;&lt;/div&gt;&lt;div&gt;Features:&lt;/div&gt;&lt;div&gt;&lt;ul&gt;&lt;li&gt;50% polyester, 25% combed, ring-spun cotton.&lt;/li&gt;&lt;li&gt;Retail fit.&lt;/li&gt;&lt;li&gt;Unisex sizing.&amp;nbsp;&lt;/li&gt;&lt;li&gt;Available in black with the full color YouTube logo screenprinted at center chest.&amp;nbsp;&lt;/li&gt;&lt;/ul&gt;&lt;/div&gt;",
    "image":"/data/images/10-13278B.jpg",
    "largeImage":"/data/images/10-13278A.jpg"
  },
  {
    "name":"Nest+T-Shirt",
    "title":"Nest T-Shirt",
    "category":"mens_tshirts",
    "price":17.4,
    "description":"We know energy savings make you smile. Why not put on an even bigger grin with this teal Nest t-shirt?&amp;nbsp;&lt;div&gt;&lt;br&gt;&lt;/div&gt;&lt;div&gt;Features:&lt;/div&gt;&lt;div&gt;&lt;ul&gt;&lt;li&gt;100% combed cotton.&lt;/li&gt;&lt;li&gt;Made in the USA.&lt;/li&gt;&lt;li&gt;Available in teal with the white Nest icon screen printed across chest.&lt;/li&gt;&lt;li&gt;&lt;b&gt;Sizing runs smaller than normal. Please reference size chart before ordering.&lt;/b&gt;&lt;/li&gt;&lt;/ul&gt;&lt;/div&gt;",
    "image":"/data/images/10-13241B.jpg",
    "largeImage":"/data/images/10-13241A.jpg"
  },
  {
    "name":"98+Short+Sleeve+Tee",
    "title":"98 Short Sleeve Tee",
    "category":"mens_tshirts",
    "price":14.3,
    "description":"Classic front. Retro back. This comfy grey tee celebrates Google's heritage, featuring the vintage '98' logo at back.&lt;div&gt;&lt;br&gt;&lt;/div&gt;&lt;div&gt;Features:&lt;/div&gt;&lt;div&gt;&lt;ul&gt;&lt;li&gt;100% cotton.&amp;nbsp;&lt;/li&gt;&lt;li&gt;Available in grey with the white Google logo screenprinted at left chest and the vintage '98' screenprinted at back in red, white and blue.&amp;nbsp;&lt;/li&gt;&lt;/ul&gt;&lt;/div&gt;&lt;div&gt;&lt;br&gt;&lt;/div&gt;",
    "image":"/data/images/10-13291B.jpg",
    "largeImage":"/data/images/10-13291A.jpg"
  },
  {
    "name":"Cardboard+T-Shirt",
    "title":"Cardboard T-Shirt",
    "category":"mens_tshirts",
    "price":14.2,
    "description":"Crazy for Cardboard? Show your love with this super soft t-shirt. If you're new to the virtual reality scene, check out Google Cardboard here:&amp;nbsp;https://www.google.com/get/cardboard/&lt;div&gt;&lt;br&gt;&lt;/div&gt;&lt;div&gt;Features:&lt;/div&gt;&lt;div&gt;&lt;ul&gt;&lt;li&gt;60% cotton, 40% polyester.&lt;/li&gt;&lt;li&gt;Available in charcoal with a Cardboard viewer textured metallic heart at front chest and the Cardboard short url screenprinted at back yoke.&lt;/li&gt;&lt;/ul&gt;&lt;/div&gt;",
    "image":"/data/images/10-13260B.jpg",
    "largeImage":"/data/images/10-13260A.jpg"
  },
  {
    "name":"Short+Sleeve+Crew+Neck+Raglan",
    "title":"Short Sleeve Crew Neck Raglan",
    "category":"mens_tshirts",
    "price":13.1,
    "description":"This vintage style t-shirt features a soft jersey fabric comfortable enough to sleep in.&amp;nbsp;&lt;div&gt;&lt;br&gt;&lt;/div&gt;&lt;div&gt;Features:&lt;/div&gt;&lt;div&gt;&lt;ul&gt;&lt;li&gt;60% cotton, 40% polyester.&lt;/li&gt;&lt;li&gt;Self fabric contrast neckband and sleeves.&lt;/li&gt;&lt;li&gt;Available in light blue/indigo with the white Google logo screenprinted across center chest.&lt;/li&gt;&lt;/ul&gt;&lt;/div&gt;",
    "image":"/data/images/10-13266B.jpg",
    "largeImage":"/data/images/10-13266A.jpg"
  },
  {
    "name":"MTV+Unisex+Blue+T-Shirt",
    "title":"MTV Unisex Blue T-Shirt",
    "category":"mens_tshirts",
    "price":15.75,
    "description":"They say home is where the heart is. This vibrant tee features the Bay Area address of Google's head office.&amp;nbsp;&lt;div&gt;&lt;br&gt;&lt;/div&gt;&lt;div&gt;Features:&lt;/div&gt;&lt;div&gt;&lt;ul&gt;&lt;li&gt;100% combed cotton.&amp;nbsp;&lt;/li&gt;&lt;li&gt;Made in the USA.&lt;/li&gt;&lt;li&gt;Available in royal blue with a striking design at front and the white Google logo at back yoke.&amp;nbsp;&lt;/li&gt;&lt;/ul&gt;&lt;/div&gt;",
    "image":"/data/images/10-13292B.jpg",
    "largeImage":"/data/images/10-13292A.jpg"
  },
  {
    "name":"Organic+Me-To-We+Tee",
    "title":"Organic Me-To-We Tee",
    "category":"mens_tshirts",
    "price":23.6,
    "description":"Buy a tee that gives back. Half of the profits from each organic crewneck tee are distributed to the international charity and educational partner, Free the Children.&amp;nbsp;&lt;div&gt;&lt;br&gt;&lt;/div&gt;&lt;div&gt;Features:&lt;/div&gt;&lt;div&gt;&lt;ul&gt;&lt;li&gt;100% organic cotton.&lt;/li&gt;&lt;li&gt;For more information on Free the Children &amp;amp; Me to We, visit http://www.freethechildren.com/about-us/our-story/.&amp;nbsp;&lt;/li&gt;&lt;li&gt;Available in blue with the white Google logo screenprinted at center chest.&lt;/li&gt;&lt;/ul&gt;&lt;/div&gt;",
    "image":"/data/images/10-13268B.jpg",
    "largeImage":"/data/images/10-13268A.jpg"
  },
  {
    "name":"Tri-Blend+Raglan+Long+Sleeve",
    "title":"Tri-Blend Raglan Long Sleeve",
    "category":"mens_tshirts",
    "price":51.2,
    "description":"Whether you're stealing second, cheering in the stands, or you just love the look of a classic 'baseball' tee, consider this raglan version for your apparel roster.&amp;nbsp;&lt;div&gt;&lt;br&gt;&lt;/div&gt;&lt;div&gt;Features:&lt;/div&gt;&lt;div&gt;&lt;ul&gt;&lt;li&gt;50% polyester, 38% cotton, 12% rayon super soft triblend.&lt;/li&gt;&lt;li&gt;Fashionable fit.&lt;/li&gt;&lt;li&gt;Machine washable.&lt;/li&gt;&lt;li&gt;Available in grey/black with the white Google logo screenprinted at center chest.&lt;/li&gt;&lt;/ul&gt;&lt;/div&gt;",
    "image":"/data/images/10-13274B.jpg",
    "largeImage":"/data/images/10-13274A.jpg"
  },
  {
    "name":"Blueprint+for+a+Better+Inbox+T-Shirt",
    "title":"Blueprint for a Better Inbox T-Shirt",
    "category":"mens_tshirts",
    "price":14.3,
    "description":"This new \"Blueprint for &amp;nbsp;better Inbox\" t-shirt will be your new favorite t-shirt. &amp;nbsp;It's a USA made American Apparel t-shirt sporting the new logo.&lt;div&gt;&lt;br&gt;&lt;div&gt;Additional Features:&amp;nbsp;&lt;/div&gt;&lt;div&gt;&lt;ul&gt;&lt;li&gt;50% cotton / 50% polyester for a super soft feel&amp;nbsp;&lt;/li&gt;&lt;li&gt;Unisex fit.&amp;nbsp;&lt;/li&gt;&lt;li&gt;Available in royal blue heather with the \"New Inbox: logo screen printed on the center chest.&lt;/li&gt;&lt;li&gt;&lt;b style=\"\"&gt;Sizing runs smaller than normal. Please reference men's sizing chart prior to ordering.&lt;/b&gt;&lt;/li&gt;&lt;/ul&gt;&lt;/div&gt;&lt;/div&gt;",
    "image":"/data/images/10-13240B.jpg",
    "largeImage":"/data/images/10-13240A.jpg"
  },
  {
    "name":"YouTube+Player+T-Shirt+-+Unisex",
    "title":"YouTube Player T-Shirt - Unisex",
    "category":"mens_tshirts",
    "price":17.8,
    "description":"&lt;p&gt;The YouTube Player T-Shirt has arrived. This t-shirt, much coveted by YouTube employees, is now available to the public. Channel your inner player and profess your love for YouTube with this clever design.&amp;nbsp;&lt;/p&gt;&lt;p&gt;Features:&lt;/p&gt;&lt;p&gt;&lt;/p&gt;&lt;ul&gt;&lt;li&gt;100% combed cotton.&lt;/li&gt;&lt;li&gt;Reinforced shoulder construction to maintain shape.&amp;nbsp;&lt;/li&gt;&lt;li&gt;Available in red with the Player logo screenprinted at front chest and YouTube logo screenprinted at back yoke.&lt;/li&gt;&lt;li&gt;&lt;b&gt;Sizes run smaller than normal. Please reference size chart before ordering.&lt;/b&gt;&lt;/li&gt;&lt;/ul&gt;&lt;p&gt;&lt;/p&gt;\n&lt;p&gt;&lt;br&gt;&lt;/p&gt;",
    "image":"/data/images/10-13097B.jpg",
    "largeImage":"/data/images/10-13097A.jpg"
  },
  {
    "name":"G+Logo+White+T-Shirt",
    "title":"G Logo White T-Shirt",
    "category":"mens_tshirts",
    "price":13,
    "description":"There's a new G in town and it's here to stay. Get your hands on this comfy white tee featuring the new Google icon.&amp;nbsp;&lt;div&gt;&lt;br&gt;&lt;/div&gt;&lt;div&gt;Features:&lt;/div&gt;&lt;div&gt;&lt;ul&gt;&lt;li&gt;100% combed, ringspun cotton.&lt;/li&gt;&lt;li&gt;Side-seamed.&lt;/li&gt;&lt;li&gt;Unisex size, retail fit by Bella+Canvas.&lt;/li&gt;&lt;li&gt;Available in white with the Google 'G' icon screenprinted at front.&lt;/li&gt;&lt;/ul&gt;&lt;/div&gt;",
    "image":"/data/images/10-13275B.jpg",
    "largeImage":"/data/images/10-13275A.jpg"
  },
  {
    "name":"Android+Concert+T-Shirt",
    "title":"Android Concert T-Shirt",
    "category":"mens_tshirts",
    "price":13.65,
    "description":"Back by popular demand! Rock out with this Android Concert t-shirt.&amp;nbsp; &lt;div&gt;&lt;br&gt;&lt;/div&gt;&lt;div&gt;Features:&lt;/div&gt;&lt;div&gt;&lt;ul&gt;&lt;li&gt;100% combed cotton.&lt;/li&gt;&lt;li&gt;Made in the USA.&lt;/li&gt;&lt;li&gt;Available in grey with the Android screen printed in orange at center chest.&amp;nbsp;&lt;/li&gt;&lt;li&gt;&lt;b&gt;Sizing runs smaller than normal. Please reference size chart before ordering.&lt;/b&gt;&lt;/li&gt;&lt;/ul&gt;&lt;/div&gt;",
    "image":"/data/images/10-13130B.jpg",
    "largeImage":"/data/images/10-13130A.jpg"
  },
  {
    "name":"Men+s+Bamboo+T-Shirt",
    "title":"Men's Bamboo T-Shirt",
    "category":"mens_tshirts",
    "price":20.65,
    "description":"'Seriously soft' is one phrase we're not afraid to throw around when it comes to these bamboo tees.&amp;nbsp;Made with 70% viscose from organic bamboo and 30% organic cotton, your skin will thank you during those long nights of programming.&lt;div&gt;&lt;br&gt;&lt;/div&gt;&lt;div&gt;Features:&lt;/div&gt;&lt;div&gt;&lt;ul&gt;&lt;li&gt;&amp;nbsp;Available in blue with the Google logo screen printed in white across center chest.&lt;/li&gt;&lt;/ul&gt;&lt;/div&gt;",
    "image":"/data/images/10-13269B.jpg",
    "largeImage":"/data/images/10-13269A.jpg"
  },
  {
    "name":"Android+Pay+Crew+Neck+T-Shirt",
    "title":"Android Pay Crew Neck T-Shirt",
    "category":"mens_tshirts",
    "price":19.4,
    "description":"Wear. Wash. Repeat. This tee celebrates the most exciting way to pay for life's necessities. For more information on Android Pay, visit our site here; https://www.android.com/pay/.&lt;div&gt;&lt;br&gt;&lt;/div&gt;&lt;div&gt;Features:&lt;/div&gt;&lt;div&gt;&lt;ul&gt;&lt;li&gt;60/40 cotton/polyester blend.&lt;/li&gt;&lt;li&gt;Tagless label for added comfort.&lt;/li&gt;&lt;li&gt;Made in the USA.&lt;/li&gt;&lt;li&gt;Available in Pepper Black with the Android Pay icon screenprinted at front chest and Android Pay logo text at left sleeve.&lt;/li&gt;&lt;/ul&gt;&lt;div&gt;&lt;br&gt;&lt;/div&gt;&lt;div&gt;&lt;br&gt;&lt;/div&gt;&lt;/div&gt;",
    "image":"/data/images/10-13263B.jpg",
    "largeImage":"/data/images/10-13263A.jpg"
  },
  {
    "name":"Google+Maps+T-Shirt",
    "title":"Google Maps T-Shirt",
    "category":"mens_tshirts",
    "price":18.35,
    "description":"Make a geographical statement with this royal blue American Apparel tee.&lt;div&gt;&lt;br&gt;&lt;/div&gt;&lt;div&gt;Features:&lt;/div&gt;&lt;div&gt;&lt;ul&gt;&lt;li&gt;100% combed cotton.&lt;/li&gt;&lt;li&gt;Available in royal with the Google Maps pin and \"I am here\" text on the front, Google Maps logo on the back, and URL on the sleeve.&amp;nbsp;&lt;/li&gt;&lt;li&gt;&lt;b&gt;Sizes run smaller than normal. Please reference size chart before ordering.&lt;/b&gt;&lt;/li&gt;&lt;/ul&gt;&lt;/div&gt;",
    "image":"/data/images/10-13277B.jpg",
    "largeImage":"/data/images/10-13277A.jpg"
  },
  {
    "name":"Est.+98+Baseball+Tee",
    "title":"Est. 98 Baseball Tee",
    "category":"mens_tshirts",
    "price":17.9,
    "description":"Hit a home run in the style stakes with this classic baseball tee. Designed with traditional contrast sleeves and an 'est 98' graphic honoring the year Google was founded.&amp;nbsp;&lt;div&gt;&lt;br&gt;&lt;/div&gt;&lt;div&gt;Features:&lt;/div&gt;&lt;div&gt;&lt;ul&gt;&lt;li&gt;Unisex fit.&lt;/li&gt;&lt;li&gt;52% cotton, 48% polyester.&lt;/li&gt;&lt;li&gt;Available in white with black sleeves and the white Google logo printed at left bicep.&lt;/li&gt;&lt;/ul&gt;&lt;/div&gt;",
    "image":"/data/images/10-13290B.jpg",
    "largeImage":"/data/images/10-13290A.jpg"
  },
  {
    "name":"Mountain+View+T-Shirt",
    "title":"Mountain View T-Shirt",
    "category":"mens_tshirts",
    "price":16.5,
    "description":"The Bay Area city named for its beautiful views of the Santa Cruz Mountains is also home to the Googleplex located at 1600 Amphitheater Parkway. Celebrate the place Google calls home in this American Apparel tee.&lt;div&gt;&lt;br&gt;&lt;/div&gt;&lt;div&gt;Features:&lt;/div&gt;&lt;div&gt;&lt;ul&gt;&lt;li&gt;100% combed cotton.&lt;/li&gt;&lt;li&gt;Made in Los Angeles.&lt;/li&gt;&lt;li&gt;Available in white with the Mountain View coordinates screenprinted at front and the full color Google logo screenprinted at back yoke.&lt;/li&gt;&lt;/ul&gt;&lt;/div&gt;",
    "image":"/data/images/10-13288B.jpg",
    "largeImage":"/data/images/10-13288A.jpg"
  }
]